DJ,Type
Captain Ahab,Community
Casey,Community
Commie Francis,Community
Dan Buskirk,Community
Dan Ruccia,Community
Dana K,Community
deirdre dionysiac,Community
DJ Flex Luthor,Community
DJ Fresco,Community
DJ McSweden,Community
DJ Milky Way,Community
DJ Pup,Community
Esoterica,Community
ǝɹnɔsqꓳ ǝɥꓕ ǝʌɐꓷ,Community
Jen,Community
Jerry Gordon,Community
John Tobias,Community
John Weingart,Community
Jon Solomon,Community
KPC,Community
Krista,Community
Lizbot,Community
Marvin Rosen,Community
Mary Kate,Community
Mike Hunter,Community
Mike Lupica,Community
Number 6,Community
Pangaeo,Community
Pat,Community
PAX,Community
Peppermint Pig,Community
Pethie,Community
Phil Jackson,Community
Readie Righteous,Community
rosasolis dream,Community
"Sangeet Team (Dave, Jayashri, Ramaprasad & Rungun)",Community
Selecta Jerry,Community
Stitching Pink,Community
TB,Community
Tim,Community
Wilbo,Community
